{
  "orderers": {
    "name": "Orderer",
    "mspID": "OrdererMSP",
    "domain": "ucc.net",
    "ordererHostname": "orderer",
    "SANS": "localhost",
    "type": "solo"

  },
  "addCA": "true",
  "fabricVersion": "1.4.0",
  "orgs": [
    {
      "name": "Airtel",
      "domain": "airtel.com",
      "mspID": "AirtelMSP",
      "SANS": "localhost",
      "peerCount": 1,
      "userCount": 1
    },
    {
      "name": "Vodafone",
      "domain": "vodafone.com",
      "mspID": "VodafoneMSP",
      "SANS": "localhost",
      "peerCount": 1,
      "userCount": 1
    }
  ],
  "consortium": "UCCConsortium",
  "channels": [
    {
      "channelName": "preference",
      "orgs": [
        "Airtel",
        "Vodafone"
      ]
    }  ],
  "chaincodes": [
    {
      "channelName": "preference",
      "ccid": "pref",
      "version": "1.0",
      "src": "github.com/pref",
      "participants": [
        "Airtel",
        "Vodafone"
      ]
    }
  ]
}
